С кредитом,Провод.HDMI,Домашний.кинотеатр,Ноутбук,ПК,Принтер
Без кредита,DVD.плеер,ПК,Холодильник
Без кредита,Наушники,Провод.HDMI,Домашний.кинотеатр,DVD.плеер,ЖК.телевизор,Холодильник,Принтер
С кредитом,Наушники,DVD.плеер,ЖК.телевизор,ПК
С кредитом,Наушники,Провод.HDMI,Домашний.кинотеатр,DVD.плеер,ЖК.телевизор,ПК,Холодильник
С кредитом,Наушники,Провод.HDMI,Домашний.кинотеатр,Ноутбук,Холодильник
С кредитом,Наушники,Провод.HDMI,Домашний.кинотеатр,Ноутбук,DVD.плеер,ЖК.телевизор,Холодильник,Принтер
Без кредита,Провод.HDMI,Ноутбук,Принтер
Без кредита,Провод.HDMI,Ноутбук,Принтер
Без кредита,Провод.HDMI,Ноутбук,Принтер
Без кредита,Провод.HDMI,Ноутбук,Принтер
Без кредита,Провод.HDMI,Ноутбук,Принтер
Без кредита,Провод.HDMI,Ноутбук,Принтер
Без кредита,Провод.HDMI,Ноутбук,Принтер
Без кредита,Провод.HDMI,Ноутбук,Принтер
С кредитом
С кредитом
С кредитом
С кредитом
С кредитом
С кредитом
С кредитом
С кредитом
С кредитом
С кредитом
С кредитом
С кредитом
С кредитом
С кредитом
С кредитом
С кредитом,Провод.HDMI,DVD.плеер,ЖК.телевизор
С кредитом,Провод.HDMI,DVD.плеер,ЖК.телевизор
С кредитом,Провод.HDMI,DVD.плеер,ЖК.телевизор
С кредитом,Провод.HDMI,DVD.плеер,ЖК.телевизор
С кредитом,Провод.HDMI,DVD.плеер,ЖК.телевизор
С кредитом,Провод.HDMI,DVD.плеер,ЖК.телевизор
С кредитом,Провод.HDMI,DVD.плеер,ЖК.телевизор
С кредитом,Провод.HDMI,DVD.плеер,ЖК.телевизор
С кредитом,Провод.HDMI,DVD.плеер,ЖК.телевизор
С кредитом,Провод.HDMI,DVD.плеер,ЖК.телевизор
С кредитом,Провод.HDMI,DVD.плеер,ЖК.телевизор
С кредитом,Провод.HDMI,DVD.плеер,ЖК.телевизор
С кредитом,Провод.HDMI,DVD.плеер,ЖК.телевизор
С кредитом,Провод.HDMI,DVD.плеер,ЖК.телевизор
С кредитом,Провод.HDMI,DVD.плеер,ЖК.телевизор
Без кредита,Провод.HDMI,ПК,Принтер
Без кредита,Провод.HDMI,ПК,Принтер
Без кредита,Провод.HDMI,ПК,Принтер
Без кредита,Провод.HDMI,ПК,Принтер
Без кредита,Провод.HDMI,ПК,Принтер
Без кредита,Провод.HDMI,ПК,Принтер
Без кредита,Провод.HDMI,ПК,Принтер
Без кредита,Провод.HDMI,ПК,Принтер
Без кредита,Провод.HDMI,ПК,Принтер
Без кредита,Провод.HDMI,ПК,Принтер
Без кредита,Провод.HDMI,ПК,Принтер
Без кредита,Провод.HDMI,ПК,Принтер
Без кредита,Провод.HDMI,ПК,Принтер
Без кредита
Без кредита
Без кредита
Без кредита
Без кредита
Без кредита
Без кредита
Без кредита
Без кредита
Без кредита
Без кредита
Без кредита
Без кредита
Без кредита
С кредитом,Провод.HDMI,Домашний.кинотеатр,Ноутбук,DVD.плеер,ЖК.телевизор,ПК,Холодильник
С кредитом,Провод.HDMI,Домашний.кинотеатр,Ноутбук,ПК,Принтер
Без кредита,DVD.плеер,ПК,Холодильник
Без кредита,Наушники,Провод.HDMI,Домашний.кинотеатр,DVD.плеер,ЖК.телевизор,Холодильник,Принтер
С кредитом,Наушники,DVD.плеер,ЖК.телевизор,ПК
С кредитом,Наушники,Провод.HDMI,Домашний.кинотеатр,DVD.плеер,ЖК.телевизор,ПК,Холодильник
С кредитом,Наушники,Провод.HDMI,Домашний.кинотеатр,Ноутбук,Холодильник
С кредитом,Наушники,Провод.HDMI,Домашний.кинотеатр,Ноутбук,DVD.плеер,ЖК.телевизор,Холодильник,Принтер
Без кредита,Провод.HDMI,Ноутбук,Принтер
Без кредита,Провод.HDMI,Ноутбук,Принтер
Без кредита,Провод.HDMI,Ноутбук,Принтер
Без кредита,Провод.HDMI,Ноутбук,Принтер
Без кредита,Провод.HDMI,Ноутбук,Принтер
Без кредита,Провод.HDMI,Ноутбук,Принтер
Без кредита,Провод.HDMI,Ноутбук,Принтер
Без кредита,Провод.HDMI,Ноутбук,Принтер
С кредитом
С кредитом
С кредитом
С кредитом
С кредитом
С кредитом
С кредитом
С кредитом
С кредитом
С кредитом
С кредитом
С кредитом
С кредитом
С кредитом
С кредитом
С кредитом,Провод.HDMI,DVD.плеер,ЖК.телевизор
С кредитом,Провод.HDMI,DVD.плеер,ЖК.телевизор
С кредитом,Провод.HDMI,DVD.плеер,ЖК.телевизор
С кредитом,Провод.HDMI,DVD.плеер,ЖК.телевизор
С кредитом,Провод.HDMI,DVD.плеер,ЖК.телевизор
С кредитом,Провод.HDMI,DVD.плеер,ЖК.телевизор
С кредитом,Провод.HDMI,DVD.плеер,ЖК.телевизор
С кредитом,Провод.HDMI,DVD.плеер,ЖК.телевизор
С кредитом,Провод.HDMI,DVD.плеер,ЖК.телевизор
С кредитом,Провод.HDMI,DVD.плеер,ЖК.телевизор
С кредитом,Провод.HDMI,DVD.плеер,ЖК.телевизор
С кредитом,Провод.HDMI,DVD.плеер,ЖК.телевизор
С кредитом,Провод.HDMI,DVD.плеер,ЖК.телевизор
С кредитом,Провод.HDMI,DVD.плеер,ЖК.телевизор
С кредитом,Провод.HDMI,DVD.плеер,ЖК.телевизор
Без кредита,Провод.HDMI,ПК,Принтер
Без кредита,Провод.HDMI,ПК,Принтер
Без кредита,Провод.HDMI,ПК,Принтер
Без кредита,Провод.HDMI,ПК,Принтер
Без кредита,Провод.HDMI,ПК,Принтер
Без кредита,Провод.HDMI,ПК,Принтер
Без кредита,Провод.HDMI,ПК,Принтер
Без кредита,Провод.HDMI,ПК,Принтер
Без кредита,Провод.HDMI,ПК,Принтер
Без кредита,Провод.HDMI,ПК,Принтер
Без кредита,Провод.HDMI,ПК,Принтер
Без кредита,Провод.HDMI,ПК,Принтер
Без кредита,Провод.HDMI,ПК,Принтер
Без кредита
Без кредита
Без кредита
Без кредита
Без кредита
Без кредита
Без кредита
Без кредита
Без кредита
Без кредита
Без кредита
Без кредита
Без кредита
Без кредита
С кредитом,Провод.HDMI,Домашний.кинотеатр,Ноутбук,DVD.плеер,ЖК.телевизор,ПК,Холодильник
С кредитом,Провод.HDMI,Домашний.кинотеатр,Ноутбук,ПК,Принтер
Без кредита,DVD.плеер,ПК,Холодильник
Без кредита,Наушники,Провод.HDMI,Домашний.кинотеатр,DVD.плеер,ЖК.телевизор,Холодильник,Принтер
С кредитом,Наушники,DVD.плеер,ЖК.телевизор,ПК
С кредитом,Наушники,Провод.HDMI,Домашний.кинотеатр,DVD.плеер,ЖК.телевизор,ПК,Холодильник
С кредитом,Наушники,Провод.HDMI,Домашний.кинотеатр,Ноутбук,Холодильник
С кредитом,Наушники,Провод.HDMI,Домашний.кинотеатр,Ноутбук,DVD.плеер,ЖК.телевизор,Холодильник,Принтер
Без кредита,Провод.HDMI,Ноутбук,Принтер
Без кредита,Провод.HDMI,Ноутбук,Принтер
Без кредита,Провод.HDMI,Ноутбук,Принтер
Без кредита,Провод.HDMI,Ноутбук,Принтер
Без кредита,Провод.HDMI,Ноутбук,Принтер
Без кредита,Провод.HDMI,Ноутбук,Принтер
Без кредита,Провод.HDMI,Ноутбук,Принтер
Без кредита,Провод.HDMI,Ноутбук,Принтер
С кредитом
С кредитом
С кредитом
С кредитом
С кредитом
С кредитом
С кредитом
С кредитом
С кредитом
С кредитом
С кредитом
С кредитом
С кредитом
С кредитом
С кредитом
С кредитом,Провод.HDMI,DVD.плеер,ЖК.телевизор
С кредитом,Провод.HDMI,DVD.плеер,ЖК.телевизор
С кредитом,Провод.HDMI,DVD.плеер,ЖК.телевизор
С кредитом,Провод.HDMI,DVD.плеер,ЖК.телевизор
С кредитом,Провод.HDMI,DVD.плеер,ЖК.телевизор
С кредитом,Провод.HDMI,DVD.плеер,ЖК.телевизор
С кредитом,Провод.HDMI,DVD.плеер,ЖК.телевизор
С кредитом,Провод.HDMI,DVD.плеер,ЖК.телевизор
С кредитом,Провод.HDMI,DVD.плеер,ЖК.телевизор
С кредитом,Провод.HDMI,DVD.плеер,ЖК.телевизор
С кредитом,Провод.HDMI,DVD.плеер,ЖК.телевизор
С кредитом,Провод.HDMI,DVD.плеер,ЖК.телевизор
С кредитом,Провод.HDMI,DVD.плеер,ЖК.телевизор
С кредитом,Провод.HDMI,DVD.плеер,ЖК.телевизор
С кредитом,Провод.HDMI,DVD.плеер,ЖК.телевизор
Без кредита,Провод.HDMI,ПК,Принтер
Без кредита,Провод.HDMI,ПК,Принтер
Без кредита,Провод.HDMI,ПК,Принтер
Без кредита,Провод.HDMI,ПК,Принтер
Без кредита,Провод.HDMI,ПК,Принтер
Без кредита,Провод.HDMI,ПК,Принтер
Без кредита,Провод.HDMI,ПК,Принтер
Без кредита,Провод.HDMI,ПК,Принтер
Без кредита,Провод.HDMI,ПК,Принтер
Без кредита,Провод.HDMI,ПК,Принтер
Без кредита,Провод.HDMI,ПК,Принтер
Без кредита,Провод.HDMI,ПК,Принтер
Без кредита,Провод.HDMI,ПК,Принтер
Без кредита
Без кредита
Без кредита
Без кредита
Без кредита
Без кредита
Без кредита
Без кредита
Без кредита
Без кредита
Без кредита
Без кредита
Без кредита
Без кредита
С кредитом,Провод.HDMI,Домашний.кинотеатр,Ноутбук,DVD.плеер,ЖК.телевизор,ПК,Холодильник
С кредитом,Провод.HDMI,Домашний.кинотеатр,Ноутбук,ПК,Принтер
Без кредита,DVD.плеер,ПК,Холодильник
Без кредита,Наушники,Провод.HDMI,Домашний.кинотеатр,DVD.плеер,ЖК.телевизор,Холодильник,Принтер
С кредитом,Наушники,DVD.плеер,ЖК.телевизор,ПК
С кредитом,Наушники,Провод.HDMI,Домашний.кинотеатр,DVD.плеер,ЖК.телевизор,ПК,Холодильник
С кредитом,Наушники,Провод.HDMI,Домашний.кинотеатр,Ноутбук,Холодильник
С кредитом,Наушники,Провод.HDMI,Домашний.кинотеатр,Ноутбук,DVD.плеер,ЖК.телевизор,Холодильник,Принтер
Без кредита,Провод.HDMI,Ноутбук,Принтер
Без кредита,Провод.HDMI,Ноутбук,Принтер
Без кредита,Провод.HDMI,Ноутбук,Принтер
Без кредита,Провод.HDMI,Ноутбук,Принтер
Без кредита,Провод.HDMI,Ноутбук,Принтер
Без кредита,Провод.HDMI,Ноутбук,Принтер
Без кредита,Провод.HDMI,Ноутбук,Принтер
Без кредита,Провод.HDMI,Ноутбук,Принтер
С кредитом
С кредитом
С кредитом
С кредитом
С кредитом
С кредитом
С кредитом
С кредитом
С кредитом
С кредитом
С кредитом
С кредитом
С кредитом
С кредитом
С кредитом
С кредитом,Провод.HDMI,DVD.плеер,ЖК.телевизор
С кредитом,Провод.HDMI,DVD.плеер,ЖК.телевизор
С кредитом,Провод.HDMI,DVD.плеер,ЖК.телевизор
С кредитом,Провод.HDMI,DVD.плеер,ЖК.телевизор
С кредитом,Провод.HDMI,DVD.плеер,ЖК.телевизор
С кредитом,Провод.HDMI,DVD.плеер,ЖК.телевизор
С кредитом,Провод.HDMI,DVD.плеер,ЖК.телевизор
С кредитом,Провод.HDMI,DVD.плеер,ЖК.телевизор
С кредитом,Провод.HDMI,DVD.плеер,ЖК.телевизор
С кредитом,Провод.HDMI,DVD.плеер,ЖК.телевизор
С кредитом,Провод.HDMI,DVD.плеер,ЖК.телевизор
С кредитом,Провод.HDMI,DVD.плеер,ЖК.телевизор
С кредитом,Провод.HDMI,DVD.плеер,ЖК.телевизор
С кредитом,Провод.HDMI,DVD.плеер,ЖК.телевизор
С кредитом,Провод.HDMI,DVD.плеер,ЖК.телевизор
Без кредита,Провод.HDMI,ПК,Принтер
Без кредита,Провод.HDMI,ПК,Принтер
Без кредита,Провод.HDMI,ПК,Принтер
Без кредита,Провод.HDMI,ПК,Принтер
Без кредита,Провод.HDMI,ПК,Принтер
Без кредита,Провод.HDMI,ПК,Принтер
Без кредита,Провод.HDMI,ПК,Принтер
Без кредита,Провод.HDMI,ПК,Принтер
Без кредита,Провод.HDMI,ПК,Принтер
Без кредита,Провод.HDMI,ПК,Принтер
Без кредита,Провод.HDMI,ПК,Принтер
Без кредита,Провод.HDMI,ПК,Принтер
Без кредита,Провод.HDMI,ПК,Принтер
Без кредита
Без кредита
Без кредита
Без кредита
Без кредита
Без кредита
Без кредита
Без кредита
Без кредита
Без кредита
Без кредита
Без кредита
Без кредита
Без кредита
С кредитом,Провод.HDMI,Домашний.кинотеатр,Ноутбук,DVD.плеер,ЖК.телевизор,ПК,Холодильник
С кредитом,Провод.HDMI,Домашний.кинотеатр,Ноутбук,ПК,Принтер
Без кредита,DVD.плеер,ПК,Холодильник
Без кредита,Наушники,Провод.HDMI,Домашний.кинотеатр,DVD.плеер,ЖК.телевизор,Холодильник,Принтер
С кредитом,Наушники,DVD.плеер,ЖК.телевизор,ПК
С кредитом,Наушники,Провод.HDMI,Домашний.кинотеатр,DVD.плеер,ЖК.телевизор,ПК,Холодильник
С кредитом,Наушники,Провод.HDMI,Домашний.кинотеатр,Ноутбук,Холодильник
С кредитом,Наушники,Провод.HDMI,Домашний.кинотеатр,Ноутбук,DVD.плеер,ЖК.телевизор,Холодильник,Принтер
Без кредита,Провод.HDMI,Ноутбук,Принтер
Без кредита,Провод.HDMI,Ноутбук,Принтер
Без кредита,Провод.HDMI,Ноутбук,Принтер
Без кредита,Провод.HDMI,Ноутбук,Принтер
Без кредита,Провод.HDMI,Ноутбук,Принтер
Без кредита,Провод.HDMI,Ноутбук,Принтер
Без кредита,Провод.HDMI,Ноутбук,Принтер
Без кредита,Провод.HDMI,Ноутбук,Принтер
С кредитом
С кредитом
С кредитом
С кредитом
С кредитом
С кредитом
С кредитом
С кредитом
С кредитом
С кредитом
С кредитом
С кредитом
С кредитом
С кредитом
С кредитом
С кредитом,Провод.HDMI,DVD.плеер,ЖК.телевизор
С кредитом,Провод.HDMI,DVD.плеер,ЖК.телевизор
С кредитом,Провод.HDMI,DVD.плеер,ЖК.телевизор
С кредитом,Провод.HDMI,DVD.плеер,ЖК.телевизор
С кредитом,Провод.HDMI,DVD.плеер,ЖК.телевизор
С кредитом,Провод.HDMI,DVD.плеер,ЖК.телевизор
С кредитом,Провод.HDMI,DVD.плеер,ЖК.телевизор
С кредитом,Провод.HDMI,DVD.плеер,ЖК.телевизор
С кредитом,Провод.HDMI,DVD.плеер,ЖК.телевизор
С кредитом,Провод.HDMI,DVD.плеер,ЖК.телевизор
С кредитом,Провод.HDMI,DVD.плеер,ЖК.телевизор
С кредитом,Провод.HDMI,DVD.плеер,ЖК.телевизор
С кредитом,Провод.HDMI,DVD.плеер,ЖК.телевизор
С кредитом,Провод.HDMI,DVD.плеер,ЖК.телевизор
С кредитом,Провод.HDMI,DVD.плеер,ЖК.телевизор
Без кредита,Провод.HDMI,ПК,Принтер
Без кредита,Провод.HDMI,ПК,Принтер
Без кредита,Провод.HDMI,ПК,Принтер
Без кредита,Провод.HDMI,ПК,Принтер
Без кредита,Провод.HDMI,ПК,Принтер
Без кредита,Провод.HDMI,ПК,Принтер
Без кредита,Провод.HDMI,ПК,Принтер
Без кредита,Провод.HDMI,ПК,Принтер
Без кредита,Провод.HDMI,ПК,Принтер
Без кредита,Провод.HDMI,ПК,Принтер
Без кредита,Провод.HDMI,ПК,Принтер
Без кредита,Провод.HDMI,ПК,Принтер
Без кредита,Провод.HDMI,ПК,Принтер
Без кредита
Без кредита
Без кредита
Без кредита
Без кредита
Без кредита
Без кредита
Без кредита
Без кредита
Без кредита
Без кредита
Без кредита
Без кредита
Без кредита
С кредитом,Провод.HDMI,Домашний.кинотеатр,Ноутбук,DVD.плеер,ЖК.телевизор,ПК,Холодильник
С кредитом,Провод.HDMI,Домашний.кинотеатр,Ноутбук,ПК,Принтер
Без кредита,DVD.плеер,ПК,Холодильник
Без кредита,Наушники,Провод.HDMI,Домашний.кинотеатр,DVD.плеер,ЖК.телевизор,Холодильник,Принтер
С кредитом,Наушники,DVD.плеер,ЖК.телевизор,ПК
С кредитом,Наушники,Провод.HDMI,Домашний.кинотеатр,DVD.плеер,ЖК.телевизор,ПК,Холодильник
С кредитом,Наушники,Провод.HDMI,Домашний.кинотеатр,Ноутбук,Холодильник
С кредитом,Наушники,Провод.HDMI,Домашний.кинотеатр,Ноутбук,DVD.плеер,ЖК.телевизор,Холодильник,Принтер
Без кредита,Провод.HDMI,Ноутбук,Принтер
Без кредита,Провод.HDMI,Ноутбук,Принтер
Без кредита,Провод.HDMI,Ноутбук,Принтер
Без кредита,Провод.HDMI,Ноутбук,Принтер
Без кредита,Провод.HDMI,Ноутбук,Принтер
Без кредита,Провод.HDMI,Ноутбук,Принтер
Без кредита,Провод.HDMI,Ноутбук,Принтер
Без кредита,Провод.HDMI,Ноутбук,Принтер
С кредитом
С кредитом
С кредитом
С кредитом
С кредитом
С кредитом
С кредитом
С кредитом
С кредитом
С кредитом
С кредитом
С кредитом
С кредитом
С кредитом
С кредитом
С кредитом,Провод.HDMI,DVD.плеер,ЖК.телевизор
С кредитом,Провод.HDMI,DVD.плеер,ЖК.телевизор
С кредитом,Провод.HDMI,DVD.плеер,ЖК.телевизор
С кредитом,Провод.HDMI,DVD.плеер,ЖК.телевизор
С кредитом,Провод.HDMI,DVD.плеер,ЖК.телевизор
С кредитом,Провод.HDMI,DVD.плеер,ЖК.телевизор
С кредитом,Провод.HDMI,DVD.плеер,ЖК.телевизор
С кредитом,Провод.HDMI,DVD.плеер,ЖК.телевизор
С кредитом,Провод.HDMI,DVD.плеер,ЖК.телевизор
С кредитом,Провод.HDMI,DVD.плеер,ЖК.телевизор
С кредитом,Провод.HDMI,DVD.плеер,ЖК.телевизор
С кредитом,Провод.HDMI,DVD.плеер,ЖК.телевизор
С кредитом,Провод.HDMI,DVD.плеер,ЖК.телевизор
С кредитом,Провод.HDMI,DVD.плеер,ЖК.телевизор
С кредитом,Провод.HDMI,DVD.плеер,ЖК.телевизор
Без кредита,Провод.HDMI,ПК,Принтер
Без кредита,Провод.HDMI,ПК,Принтер
Без кредита,Провод.HDMI,ПК,Принтер
Без кредита,Провод.HDMI,ПК,Принтер
Без кредита,Провод.HDMI,ПК,Принтер
Без кредита,Провод.HDMI,ПК,Принтер
Без кредита,Провод.HDMI,ПК,Принтер
Без кредита,Провод.HDMI,ПК,Принтер
Без кредита,Провод.HDMI,ПК,Принтер
Без кредита,Провод.HDMI,ПК,Принтер
Без кредита,Провод.HDMI,ПК,Принтер
Без кредита,Провод.HDMI,ПК,Принтер
Без кредита,Провод.HDMI,ПК,Принтер
Без кредита
Без кредита
Без кредита
Без кредита
Без кредита
Без кредита
Без кредита
Без кредита
Без кредита
Без кредита
Без кредита
Без кредита
Без кредита
Без кредита
С кредитом,Провод.HDMI,Домашний.кинотеатр,Ноутбук,DVD.плеер,ЖК.телевизор,ПК,Холодильник
С кредитом,Провод.HDMI,Домашний.кинотеатр,Ноутбук,ПК,Принтер
Без кредита,DVD.плеер,ПК,Холодильник
Без кредита,Наушники,Провод.HDMI,Домашний.кинотеатр,DVD.плеер,ЖК.телевизор,Холодильник,Принтер
С кредитом,Наушники,DVD.плеер,ЖК.телевизор,ПК
С кредитом,Наушники,Провод.HDMI,Домашний.кинотеатр,DVD.плеер,ЖК.телевизор,ПК,Холодильник
С кредитом,Наушники,Провод.HDMI,Домашний.кинотеатр,Ноутбук,Холодильник
С кредитом,Наушники,Провод.HDMI,Домашний.кинотеатр,Ноутбук,DVD.плеер,ЖК.телевизор,Холодильник,Принтер
Без кредита,Провод.HDMI,Ноутбук,Принтер
Без кредита,Провод.HDMI,Ноутбук,Принтер
Без кредита,Провод.HDMI,Ноутбук,Принтер
Без кредита,Провод.HDMI,Ноутбук,Принтер
Без кредита,Провод.HDMI,Ноутбук,Принтер
Без кредита,Провод.HDMI,Ноутбук,Принтер
Без кредита,Провод.HDMI,Ноутбук,Принтер
Без кредита,Провод.HDMI,Ноутбук,Принтер
С кредитом
С кредитом
С кредитом
С кредитом
С кредитом
С кредитом
С кредитом
С кредитом
С кредитом
С кредитом
С кредитом
С кредитом
С кредитом
С кредитом
С кредитом
С кредитом,Провод.HDMI,DVD.плеер,ЖК.телевизор
С кредитом,Провод.HDMI,DVD.плеер,ЖК.телевизор
С кредитом,Провод.HDMI,DVD.плеер,ЖК.телевизор
С кредитом,Провод.HDMI,DVD.плеер,ЖК.телевизор
С кредитом,Провод.HDMI,DVD.плеер,ЖК.телевизор
С кредитом,Провод.HDMI,DVD.плеер,ЖК.телевизор
С кредитом,Провод.HDMI,DVD.плеер,ЖК.телевизор
С кредитом,Провод.HDMI,DVD.плеер,ЖК.телевизор
С кредитом,Провод.HDMI,DVD.плеер,ЖК.телевизор
С кредитом,Провод.HDMI,DVD.плеер,ЖК.телевизор
С кредитом,Провод.HDMI,DVD.плеер,ЖК.телевизор
С кредитом,Провод.HDMI,DVD.плеер,ЖК.телевизор
С кредитом,Провод.HDMI,DVD.плеер,ЖК.телевизор
С кредитом,Провод.HDMI,DVD.плеер,ЖК.телевизор
С кредитом,Провод.HDMI,DVD.плеер,ЖК.телевизор
Без кредита,Провод.HDMI,ПК,Принтер
Без кредита,Провод.HDMI,ПК,Принтер
Без кредита,Провод.HDMI,ПК,Принтер
Без кредита,Провод.HDMI,ПК,Принтер
Без кредита,Провод.HDMI,ПК,Принтер
Без кредита,Провод.HDMI,ПК,Принтер
Без кредита,Провод.HDMI,ПК,Принтер
Без кредита,Провод.HDMI,ПК,Принтер
Без кредита,Провод.HDMI,ПК,Принтер
Без кредита,Провод.HDMI,ПК,Принтер
Без кредита,Провод.HDMI,ПК,Принтер
Без кредита,Провод.HDMI,ПК,Принтер
Без кредита,Провод.HDMI,ПК,Принтер
Без кредита
Без кредита
Без кредита
Без кредита
Без кредита
Без кредита
Без кредита
Без кредита
Без кредита
Без кредита
Без кредита
Без кредита
Без кредита
Без кредита
С кредитом,Провод.HDMI,Домашний.кинотеатр,Ноутбук,DVD.плеер,ЖК.телевизор,ПК,Холодильник
С кредитом,Провод.HDMI,Домашний.кинотеатр,Ноутбук,ПК,Принтер
Без кредита,DVD.плеер,ПК,Холодильник
Без кредита,Наушники,Провод.HDMI,Домашний.кинотеатр,DVD.плеер,ЖК.телевизор,Холодильник,Принтер
С кредитом,Наушники,DVD.плеер,ЖК.телевизор,ПК
С кредитом,Наушники,Провод.HDMI,Домашний.кинотеатр,DVD.плеер,ЖК.телевизор,ПК,Холодильник
С кредитом,Наушники,Провод.HDMI,Домашний.кинотеатр,Ноутбук,Холодильник
С кредитом,Наушники,Провод.HDMI,Домашний.кинотеатр,Ноутбук,DVD.плеер,ЖК.телевизор,Холодильник,Принтер
Без кредита,Провод.HDMI,Ноутбук,Принтер
Без кредита,Провод.HDMI,Ноутбук,Принтер
Без кредита,Провод.HDMI,Ноутбук,Принтер
Без кредита,Провод.HDMI,Ноутбук,Принтер
Без кредита,Провод.HDMI,Ноутбук,Принтер
Без кредита,Провод.HDMI,Ноутбук,Принтер
Без кредита,Провод.HDMI,Ноутбук,Принтер
Без кредита,Провод.HDMI,Ноутбук,Принтер
С кредитом
С кредитом
С кредитом
С кредитом
С кредитом
С кредитом
С кредитом
С кредитом
С кредитом
С кредитом
С кредитом
С кредитом
С кредитом
С кредитом
С кредитом
С кредитом,Провод.HDMI,DVD.плеер,ЖК.телевизор
С кредитом,Провод.HDMI,DVD.плеер,ЖК.телевизор
С кредитом,Провод.HDMI,DVD.плеер,ЖК.телевизор
С кредитом,Провод.HDMI,DVD.плеер,ЖК.телевизор
С кредитом,Провод.HDMI,DVD.плеер,ЖК.телевизор
С кредитом,Провод.HDMI,DVD.плеер,ЖК.телевизор
С кредитом,Провод.HDMI,DVD.плеер,ЖК.телевизор
С кредитом,Провод.HDMI,DVD.плеер,ЖК.телевизор
С кредитом,Провод.HDMI,DVD.плеер,ЖК.телевизор
С кредитом,Провод.HDMI,DVD.плеер,ЖК.телевизор
С кредитом,Провод.HDMI,DVD.плеер,ЖК.телевизор
С кредитом,Провод.HDMI,DVD.плеер,ЖК.телевизор
С кредитом,Провод.HDMI,DVD.плеер,ЖК.телевизор
С кредитом,Провод.HDMI,DVD.плеер,ЖК.телевизор
С кредитом,Провод.HDMI,DVD.плеер,ЖК.телевизор
Без кредита,Провод.HDMI,ПК,Принтер
Без кредита,Провод.HDMI,ПК,Принтер
Без кредита,Провод.HDMI,ПК,Принтер
Без кредита,Провод.HDMI,ПК,Принтер
Без кредита,Провод.HDMI,ПК,Принтер
Без кредита,Провод.HDMI,ПК,Принтер
Без кредита,Провод.HDMI,ПК,Принтер
Без кредита,Провод.HDMI,ПК,Принтер
Без кредита,Провод.HDMI,ПК,Принтер
Без кредита,Провод.HDMI,ПК,Принтер
Без кредита,Провод.HDMI,ПК,Принтер
Без кредита,Провод.HDMI,ПК,Принтер
Без кредита,Провод.HDMI,ПК,Принтер
Без кредита
Без кредита
Без кредита
Без кредита
Без кредита
Без кредита
Без кредита
Без кредита
Без кредита
Без кредита
Без кредита
Без кредита
Без кредита
Без кредита
С кредитом,Провод.HDMI,Домашний.кинотеатр,Ноутбук,DVD.плеер,ЖК.телевизор,ПК,Холодильник
С кредитом,Провод.HDMI,Домашний.кинотеатр,Ноутбук,ПК,Принтер
Без кредита,DVD.плеер,ПК,Холодильник
Без кредита,Наушники,Провод.HDMI,Домашний.кинотеатр,DVD.плеер,ЖК.телевизор,Холодильник,Принтер
С кредитом,Наушники,DVD.плеер,ЖК.телевизор,ПК
С кредитом,Наушники,Провод.HDMI,Домашний.кинотеатр,DVD.плеер,ЖК.телевизор,ПК,Холодильник
С кредитом,Наушники,Провод.HDMI,Домашний.кинотеатр,Ноутбук,Холодильник
С кредитом,Наушники,Провод.HDMI,Домашний.кинотеатр,Ноутбук,DVD.плеер,ЖК.телевизор,Холодильник,Принтер
Без кредита,Провод.HDMI,Ноутбук,Принтер
Без кредита,Провод.HDMI,Ноутбук,Принтер
Без кредита,Провод.HDMI,Ноутбук,Принтер
Без кредита,Провод.HDMI,Ноутбук,Принтер
Без кредита,Провод.HDMI,Ноутбук,Принтер
Без кредита,Провод.HDMI,Ноутбук,Принтер
Без кредита,Провод.HDMI,Ноутбук,Принтер
Без кредита,Провод.HDMI,Ноутбук,Принтер
С кредитом
С кредитом
С кредитом
С кредитом
С кредитом
С кредитом
С кредитом
С кредитом
С кредитом
С кредитом
С кредитом
С кредитом
С кредитом
С кредитом
С кредитом
С кредитом,Провод.HDMI,DVD.плеер,ЖК.телевизор
С кредитом,Провод.HDMI,DVD.плеер,ЖК.телевизор
С кредитом,Провод.HDMI,DVD.плеер,ЖК.телевизор
С кредитом,Провод.HDMI,DVD.плеер,ЖК.телевизор
С кредитом,Провод.HDMI,DVD.плеер,ЖК.телевизор
С кредитом,Провод.HDMI,DVD.плеер,ЖК.телевизор
С кредитом,Провод.HDMI,DVD.плеер,ЖК.телевизор
С кредитом,Провод.HDMI,DVD.плеер,ЖК.телевизор
С кредитом,Провод.HDMI,DVD.плеер,ЖК.телевизор
С кредитом,Провод.HDMI,DVD.плеер,ЖК.телевизор
С кредитом,Провод.HDMI,DVD.плеер,ЖК.телевизор
С кредитом,Провод.HDMI,DVD.плеер,ЖК.телевизор
С кредитом,Провод.HDMI,DVD.плеер,ЖК.телевизор
С кредитом,Провод.HDMI,DVD.плеер,ЖК.телевизор
С кредитом,Провод.HDMI,DVD.плеер,ЖК.телевизор
Без кредита,Провод.HDMI,ПК,Принтер
Без кредита,Провод.HDMI,ПК,Принтер
Без кредита,Провод.HDMI,ПК,Принтер
Без кредита,Провод.HDMI,ПК,Принтер
Без кредита,Провод.HDMI,ПК,Принтер
Без кредита,Провод.HDMI,ПК,Принтер
Без кредита,Провод.HDMI,ПК,Принтер
Без кредита,Провод.HDMI,ПК,Принтер
Без кредита,Провод.HDMI,ПК,Принтер
Без кредита,Провод.HDMI,ПК,Принтер
Без кредита,Провод.HDMI,ПК,Принтер
Без кредита,Провод.HDMI,ПК,Принтер
Без кредита,Провод.HDMI,ПК,Принтер
Без кредита
Без кредита
Без кредита
Без кредита
Без кредита
Без кредита
Без кредита
Без кредита
Без кредита
Без кредита
Без кредита
Без кредита
Без кредита
Без кредита
С кредитом,Провод.HDMI,Домашний.кинотеатр,Ноутбук,DVD.плеер,ЖК.телевизор,ПК,Холодильник
С кредитом,Провод.HDMI,Домашний.кинотеатр,Ноутбук,ПК,Принтер
Без кредита,DVD.плеер,ПК,Холодильник
Без кредита,Наушники,Провод.HDMI,Домашний.кинотеатр,DVD.плеер,ЖК.телевизор,Холодильник,Принтер
С кредитом,Наушники,DVD.плеер,ЖК.телевизор,ПК
С кредитом,Наушники,Провод.HDMI,Домашний.кинотеатр,DVD.плеер,ЖК.телевизор,ПК,Холодильник
С кредитом,Наушники,Провод.HDMI,Домашний.кинотеатр,Ноутбук,Холодильник
С кредитом,Наушники,Провод.HDMI,Домашний.кинотеатр,Ноутбук,DVD.плеер,ЖК.телевизор,Холодильник,Принтер
Без кредита,Провод.HDMI,Ноутбук,Принтер
Без кредита,Провод.HDMI,Ноутбук,Принтер
Без кредита,Провод.HDMI,Ноутбук,Принтер
Без кредита,Провод.HDMI,Ноутбук,Принтер
Без кредита,Провод.HDMI,Ноутбук,Принтер
Без кредита,Провод.HDMI,Ноутбук,Принтер
Без кредита,Провод.HDMI,Ноутбук,Принтер
Без кредита,Провод.HDMI,Ноутбук,Принтер
С кредитом
С кредитом
С кредитом
С кредитом
С кредитом
С кредитом
С кредитом
С кредитом
С кредитом
С кредитом
С кредитом
С кредитом
С кредитом
С кредитом
С кредитом
С кредитом,Провод.HDMI,DVD.плеер,ЖК.телевизор
С кредитом,Провод.HDMI,DVD.плеер,ЖК.телевизор
С кредитом,Провод.HDMI,DVD.плеер,ЖК.телевизор
С кредитом,Провод.HDMI,DVD.плеер,ЖК.телевизор
С кредитом,Провод.HDMI,DVD.плеер,ЖК.телевизор
С кредитом,Провод.HDMI,DVD.плеер,ЖК.телевизор
С кредитом,Провод.HDMI,DVD.плеер,ЖК.телевизор
С кредитом,Провод.HDMI,DVD.плеер,ЖК.телевизор
С кредитом,Провод.HDMI,DVD.плеер,ЖК.телевизор
С кредитом,Провод.HDMI,DVD.плеер,ЖК.телевизор
С кредитом,Провод.HDMI,DVD.плеер,ЖК.телевизор
С кредитом,Провод.HDMI,DVD.плеер,ЖК.телевизор
С кредитом,Провод.HDMI,DVD.плеер,ЖК.телевизор
С кредитом,Провод.HDMI,DVD.плеер,ЖК.телевизор
С кредитом,Провод.HDMI,DVD.плеер,ЖК.телевизор
Без кредита,Провод.HDMI,ПК,Принтер
Без кредита,Провод.HDMI,ПК,Принтер
Без кредита,Провод.HDMI,ПК,Принтер
Без кредита,Провод.HDMI,ПК,Принтер
Без кредита,Провод.HDMI,ПК,Принтер
Без кредита,Провод.HDMI,ПК,Принтер
Без кредита,Провод.HDMI,ПК,Принтер
Без кредита,Провод.HDMI,ПК,Принтер
Без кредита,Провод.HDMI,ПК,Принтер
Без кредита,Провод.HDMI,ПК,Принтер
Без кредита,Провод.HDMI,ПК,Принтер
Без кредита,Провод.HDMI,ПК,Принтер
Без кредита,Провод.HDMI,ПК,Принтер
Без кредита
Без кредита
Без кредита
Без кредита
Без кредита
Без кредита
Без кредита
Без кредита
Без кредита
Без кредита
Без кредита
Без кредита
Без кредита
Без кредита
С кредитом,Музыкальный.центр,Провод.HDMI,Домашний.кинотеатр,Ноутбук,DVD.плеер,ЖК.телевизор,ПК,Холодильник
С кредитом,Музыкальный.центр,Провод.HDMI,Домашний.кинотеатр,Ноутбук,ПК,Холодильник,Принтер
С кредитом,Музыкальный.центр,Наушники,Провод.HDMI,ПК,Холодильник
С кредитом,Музыкальный.центр,Провод.HDMI,DVD.плеер,ЖК.телевизор,ПК
Без кредита,Музыкальный.центр,Наушники,Провод.HDMI,Домашний.кинотеатр,DVD.плеер,ЖК.телевизор,ПК
С кредитом,Музыкальный.центр,Домашний.кинотеатр,DVD.плеер,ПК,Принтер
С кредитом,Музыкальный.центр,Ноутбук,DVD.плеер,ЖК.телевизор,ПК,Холодильник
С кредитом,Музыкальный.центр,Провод.HDMI,Ноутбук,DVD.плеер,ЖК.телевизор,Холодильник
Без кредита,Музыкальный.центр,Наушники,Ноутбук,DVD.плеер,ЖК.телевизор,ПК,Принтер
Без кредита,Музыкальный.центр,Провод.HDMI,Ноутбук,DVD.плеер,Принтер
Без кредита,Музыкальный.центр,Домашний.кинотеатр,Ноутбук,DVD.плеер,ЖК.телевизор,Принтер
Без кредита,Музыкальный.центр,Провод.HDMI,Ноутбук,DVD.плеер,ЖК.телевизор,ПК,Холодильник,Принтер
Без кредита,Музыкальный.центр,Провод.HDMI,Домашний.кинотеатр,Ноутбук,DVD.плеер,ЖК.телевизор,ПК,Холодильник,Принтер
С кредитом,Музыкальный.центр,Наушники,Домашний.кинотеатр,Ноутбук,ЖК.телевизор,Холодильник
С кредитом,Музыкальный.центр,Наушники,Домашний.кинотеатр,DVD.плеер,ЖК.телевизор,Холодильник,Принтер
Без кредита,Музыкальный.центр,Наушники,Провод.HDMI,Ноутбук,ЖК.телевизор,ПК,Холодильник,Принтер
С кредитом,Музыкальный.центр,Наушники,Домашний.кинотеатр
С кредитом,Музыкальный.центр,Наушники,Домашний.кинотеатр
С кредитом,Музыкальный.центр,Наушники,Домашний.кинотеатр
С кредитом,Музыкальный.центр,Наушники,Домашний.кинотеатр
С кредитом,Музыкальный.центр,Наушники,Домашний.кинотеатр
С кредитом,Музыкальный.центр,Наушники,Домашний.кинотеатр
С кредитом,Музыкальный.центр,Наушники,Домашний.кинотеатр
С кредитом,Музыкальный.центр,Наушники,Домашний.кинотеатр
С кредитом,Музыкальный.центр,Наушники,Домашний.кинотеатр
С кредитом,Музыкальный.центр,Наушники,Домашний.кинотеатр
С кредитом,Музыкальный.центр,Наушники,Домашний.кинотеатр
С кредитом,Музыкальный.центр,Наушники,Домашний.кинотеатр
С кредитом,Музыкальный.центр,DVD.плеер,ЖК.телевизор,Холодильник
С кредитом,Музыкальный.центр,DVD.плеер,ЖК.телевизор,Холодильник
С кредитом,Музыкальный.центр,DVD.плеер,ЖК.телевизор,Холодильник
С кредитом,Музыкальный.центр,DVD.плеер,ЖК.телевизор,Холодильник
С кредитом,Музыкальный.центр,DVD.плеер,ЖК.телевизор,Холодильник
С кредитом,Музыкальный.центр,DVD.плеер,ЖК.телевизор,Холодильник
С кредитом,Музыкальный.центр,DVD.плеер,ЖК.телевизор,Холодильник
Без кредита,Музыкальный.центр,Наушники
Без кредита,Музыкальный.центр,Наушники
Без кредита,Музыкальный.центр,Наушники
Без кредита,Музыкальный.центр,Наушники
Без кредита,Музыкальный.центр,Наушники
Без кредита,Музыкальный.центр,Наушники
Без кредита,Музыкальный.центр,Наушники
Без кредита,Музыкальный.центр,Наушники
Без кредита,Музыкальный.центр,Наушники
Без кредита,Музыкальный.центр,Наушники
Без кредита,Музыкальный.центр,Наушники
Без кредита,Музыкальный.центр,Наушники
Без кредита,Музыкальный.центр,Наушники
Без кредита,Музыкальный.центр,Наушники
Без кредита,Музыкальный.центр,Наушники
Без кредита,Музыкальный.центр,Наушники
С кредитом,Музыкальный.центр,Провод.HDMI,Домашний.кинотеатр,Ноутбук,ПК,Холодильник,Принтер
С кредитом,Музыкальный.центр,Наушники,Провод.HDMI,ПК,Холодильник
С кредитом,Музыкальный.центр,Провод.HDMI,DVD.плеер,ЖК.телевизор,ПК
Без кредита,Музыкальный.центр,Наушники,Провод.HDMI,Домашний.кинотеатр,DVD.плеер,ЖК.телевизор,ПК
С кредитом,Музыкальный.центр,Домашний.кинотеатр,DVD.плеер,ПК,Принтер
С кредитом,Музыкальный.центр,Ноутбук,DVD.плеер,ЖК.телевизор,ПК,Холодильник
С кредитом,Музыкальный.центр,Провод.HDMI,Ноутбук,DVD.плеер,ЖК.телевизор,Холодильник
Без кредита,Музыкальный.центр,Наушники,Ноутбук,DVD.плеер,ЖК.телевизор,ПК,Принтер
Без кредита,Музыкальный.центр,Провод.HDMI,Ноутбук,DVD.плеер,Принтер
Без кредита,Музыкальный.центр,Домашний.кинотеатр,Ноутбук,DVD.плеер,ЖК.телевизор,Принтер
Без кредита,Музыкальный.центр,Провод.HDMI,Ноутбук,DVD.плеер,ЖК.телевизор,ПК,Холодильник,Принтер
Без кредита,Музыкальный.центр,Провод.HDMI,Домашний.кинотеатр,Ноутбук,DVD.плеер,ЖК.телевизор,ПК,Холодильник,Принтер
С кредитом,Музыкальный.центр,Наушники,Домашний.кинотеатр,Ноутбук,ЖК.телевизор,Холодильник
С кредитом,Музыкальный.центр,Наушники,Домашний.кинотеатр,DVD.плеер,ЖК.телевизор,Холодильник,Принтер
Без кредита,Музыкальный.центр,Наушники,Провод.HDMI,Ноутбук,ЖК.телевизор,ПК,Холодильник,Принтер
С кредитом,Музыкальный.центр,Наушники,Домашний.кинотеатр
С кредитом,Музыкальный.центр,Наушники,Домашний.кинотеатр
С кредитом,Музыкальный.центр,Наушники,Домашний.кинотеатр
С кредитом,Музыкальный.центр,Наушники,Домашний.кинотеатр
С кредитом,Музыкальный.центр,Наушники,Домашний.кинотеатр
С кредитом,Музыкальный.центр,Наушники,Домашний.кинотеатр
С кредитом,Музыкальный.центр,Наушники,Домашний.кинотеатр
С кредитом,Музыкальный.центр,Наушники,Домашний.кинотеатр
С кредитом,Музыкальный.центр,Наушники,Домашний.кинотеатр
С кредитом,Музыкальный.центр,Наушники,Домашний.кинотеатр
С кредитом,Музыкальный.центр,Наушники,Домашний.кинотеатр
С кредитом,Музыкальный.центр,Наушники,Домашний.кинотеатр
С кредитом,Музыкальный.центр,DVD.плеер,ЖК.телевизор,Холодильник
С кредитом,Музыкальный.центр,DVD.плеер,ЖК.телевизор,Холодильник
С кредитом,Музыкальный.центр,DVD.плеер,ЖК.телевизор,Холодильник
С кредитом,Музыкальный.центр,DVD.плеер,ЖК.телевизор,Холодильник
С кредитом,Музыкальный.центр,DVD.плеер,ЖК.телевизор,Холодильник
С кредитом,Музыкальный.центр,DVD.плеер,ЖК.телевизор,Холодильник
С кредитом,Музыкальный.центр,DVD.плеер,ЖК.телевизор,Холодильник
Без кредита,Музыкальный.центр,Наушники
Без кредита,Музыкальный.центр,Наушники
Без кредита,Музыкальный.центр,Наушники
Без кредита,Музыкальный.центр,Наушники
Без кредита,Музыкальный.центр,Наушники
Без кредита,Музыкальный.центр,Наушники
Без кредита,Музыкальный.центр,Наушники
Без кредита,Музыкальный.центр,Наушники
Без кредита,Музыкальный.центр,Наушники
Без кредита,Музыкальный.центр,Наушники
Без кредита,Музыкальный.центр,Наушники
Без кредита,Музыкальный.центр,Наушники
Без кредита,Музыкальный.центр,Наушники
Без кредита,Музыкальный.центр,Наушники
Без кредита,Музыкальный.центр,Наушники
Без кредита,Музыкальный.центр,Наушники
С кредитом,Музыкальный.центр,Провод.HDMI,Домашний.кинотеатр,Ноутбук,ПК,Холодильник,Принтер
С кредитом,Музыкальный.центр,Наушники,Провод.HDMI,ПК,Холодильник
С кредитом,Музыкальный.центр,Провод.HDMI,DVD.плеер,ЖК.телевизор,ПК
Без кредита,Музыкальный.центр,Наушники,Провод.HDMI,Домашний.кинотеатр,DVD.плеер,ЖК.телевизор,ПК
С кредитом,Музыкальный.центр,Домашний.кинотеатр,DVD.плеер,ПК,Принтер
С кредитом,Музыкальный.центр,Ноутбук,DVD.плеер,ЖК.телевизор,ПК,Холодильник
С кредитом,Музыкальный.центр,Провод.HDMI,Ноутбук,DVD.плеер,ЖК.телевизор,Холодильник
Без кредита,Музыкальный.центр,Наушники,Ноутбук,DVD.плеер,ЖК.телевизор,ПК,Принтер
Без кредита,Музыкальный.центр,Провод.HDMI,Ноутбук,DVD.плеер,Принтер
Без кредита,Музыкальный.центр,Домашний.кинотеатр,Ноутбук,DVD.плеер,ЖК.телевизор,Принтер
Без кредита,Музыкальный.центр,Провод.HDMI,Ноутбук,DVD.плеер,ЖК.телевизор,ПК,Холодильник,Принтер
Без кредита,Музыкальный.центр,Провод.HDMI,Домашний.кинотеатр,Ноутбук,DVD.плеер,ЖК.телевизор,ПК,Холодильник,Принтер
С кредитом,Музыкальный.центр,Наушники,Домашний.кинотеатр,Ноутбук,ЖК.телевизор,Холодильник
С кредитом,Музыкальный.центр,Наушники,Домашний.кинотеатр,DVD.плеер,ЖК.телевизор,Холодильник,Принтер
Без кредита,Музыкальный.центр,Наушники,Провод.HDMI,Ноутбук,ЖК.телевизор,ПК,Холодильник,Принтер
С кредитом,Музыкальный.центр,Наушники,Домашний.кинотеатр
С кредитом,Музыкальный.центр,Наушники,Домашний.кинотеатр
С кредитом,Музыкальный.центр,Наушники,Домашний.кинотеатр
С кредитом,Музыкальный.центр,Наушники,Домашний.кинотеатр
С кредитом,Музыкальный.центр,Наушники,Домашний.кинотеатр
С кредитом,Музыкальный.центр,Наушники,Домашний.кинотеатр
С кредитом,Музыкальный.центр,Наушники,Домашний.кинотеатр
С кредитом,Музыкальный.центр,Наушники,Домашний.кинотеатр
С кредитом,Музыкальный.центр,Наушники,Домашний.кинотеатр
С кредитом,Музыкальный.центр,Наушники,Домашний.кинотеатр
С кредитом,Музыкальный.центр,Наушники,Домашний.кинотеатр
С кредитом,Музыкальный.центр,Наушники,Домашний.кинотеатр
С кредитом,Музыкальный.центр,DVD.плеер,ЖК.телевизор,Холодильник
С кредитом,Музыкальный.центр,DVD.плеер,ЖК.телевизор,Холодильник
С кредитом,Музыкальный.центр,DVD.плеер,ЖК.телевизор,Холодильник
С кредитом,Музыкальный.центр,DVD.плеер,ЖК.телевизор,Холодильник
С кредитом,Музыкальный.центр,DVD.плеер,ЖК.телевизор,Холодильник
С кредитом,Музыкальный.центр,DVD.плеер,ЖК.телевизор,Холодильник
С кредитом,Музыкальный.центр,DVD.плеер,ЖК.телевизор,Холодильник
Без кредита,Музыкальный.центр,Наушники
Без кредита,Музыкальный.центр,Наушники
Без кредита,Музыкальный.центр,Наушники
Без кредита,Музыкальный.центр,Наушники
Без кредита,Музыкальный.центр,Наушники
Без кредита,Музыкальный.центр,Наушники
Без кредита,Музыкальный.центр,Наушники
Без кредита,Музыкальный.центр,Наушники
Без кредита,Музыкальный.центр,Наушники
Без кредита,Музыкальный.центр,Наушники
Без кредита,Музыкальный.центр,Наушники
Без кредита,Музыкальный.центр,Наушники
Без кредита,Музыкальный.центр,Наушники
Без кредита,Музыкальный.центр,Наушники
Без кредита,Музыкальный.центр,Наушники
Без кредита,Музыкальный.центр,Наушники
С кредитом,Музыкальный.центр,Провод.HDMI,Домашний.кинотеатр,Ноутбук,ПК,Холодильник,Принтер
С кредитом,Музыкальный.центр,Наушники,Провод.HDMI,ПК,Холодильник
С кредитом,Музыкальный.центр,Провод.HDMI,DVD.плеер,ЖК.телевизор,ПК
Без кредита,Музыкальный.центр,Наушники,Провод.HDMI,Домашний.кинотеатр,DVD.плеер,ЖК.телевизор,ПК
С кредитом,Музыкальный.центр,Домашний.кинотеатр,DVD.плеер,ПК,Принтер
С кредитом,Музыкальный.центр,Ноутбук,DVD.плеер,ЖК.телевизор,ПК,Холодильник
С кредитом,Музыкальный.центр,Провод.HDMI,Ноутбук,DVD.плеер,ЖК.телевизор,Холодильник
Без кредита,Музыкальный.центр,Наушники,Ноутбук,DVD.плеер,ЖК.телевизор,ПК,Принтер
Без кредита,Музыкальный.центр,Провод.HDMI,Ноутбук,DVD.плеер,Принтер
Без кредита,Музыкальный.центр,Домашний.кинотеатр,Ноутбук,DVD.плеер,ЖК.телевизор,Принтер
Без кредита,Музыкальный.центр,Провод.HDMI,Ноутбук,DVD.плеер,ЖК.телевизор,ПК,Холодильник,Принтер
Без кредита,Музыкальный.центр,Провод.HDMI,Домашний.кинотеатр,Ноутбук,DVD.плеер,ЖК.телевизор,ПК,Холодильник,Принтер
С кредитом,Музыкальный.центр,Наушники,Домашний.кинотеатр,Ноутбук,ЖК.телевизор,Холодильник
С кредитом,Музыкальный.центр,Наушники,Домашний.кинотеатр,DVD.плеер,ЖК.телевизор,Холодильник,Принтер
Без кредита,Музыкальный.центр,Наушники,Провод.HDMI,Ноутбук,ЖК.телевизор,ПК,Холодильник,Принтер
С кредитом,Музыкальный.центр,Наушники,Домашний.кинотеатр
С кредитом,Музыкальный.центр,Наушники,Домашний.кинотеатр
С кредитом,Музыкальный.центр,Наушники,Домашний.кинотеатр
С кредитом,Музыкальный.центр,Наушники,Домашний.кинотеатр
С кредитом,Музыкальный.центр,Наушники,Домашний.кинотеатр
С кредитом,Музыкальный.центр,Наушники,Домашний.кинотеатр
С кредитом,Музыкальный.центр,Наушники,Домашний.кинотеатр
С кредитом,Музыкальный.центр,Наушники,Домашний.кинотеатр
С кредитом,Музыкальный.центр,Наушники,Домашний.кинотеатр
С кредитом,Музыкальный.центр,Наушники,Домашний.кинотеатр
С кредитом,Музыкальный.центр,Наушники,Домашний.кинотеатр
С кредитом,Музыкальный.центр,Наушники,Домашний.кинотеатр
С кредитом,Музыкальный.центр,DVD.плеер,ЖК.телевизор,Холодильник
С кредитом,Музыкальный.центр,DVD.плеер,ЖК.телевизор,Холодильник
С кредитом,Музыкальный.центр,DVD.плеер,ЖК.телевизор,Холодильник
С кредитом,Музыкальный.центр,DVD.плеер,ЖК.телевизор,Холодильник
С кредитом,Музыкальный.центр,DVD.плеер,ЖК.телевизор,Холодильник
С кредитом,Музыкальный.центр,DVD.плеер,ЖК.телевизор,Холодильник
С кредитом,Музыкальный.центр,DVD.плеер,ЖК.телевизор,Холодильник
Без кредита,Музыкальный.центр,Наушники
Без кредита,Музыкальный.центр,Наушники
Без кредита,Музыкальный.центр,Наушники
Без кредита,Музыкальный.центр,Наушники
Без кредита,Музыкальный.центр,Наушники
Без кредита,Музыкальный.центр,Наушники
Без кредита,Музыкальный.центр,Наушники
Без кредита,Музыкальный.центр,Наушники
Без кредита,Музыкальный.центр,Наушники
Без кредита,Музыкальный.центр,Наушники
Без кредита,Музыкальный.центр,Наушники
Без кредита,Музыкальный.центр,Наушники
Без кредита,Музыкальный.центр,Наушники
Без кредита,Музыкальный.центр,Наушники
Без кредита,Музыкальный.центр,Наушники
Без кредита,Музыкальный.центр,Наушники
С кредитом,Музыкальный.центр,Провод.HDMI,Домашний.кинотеатр,Ноутбук,ПК,Холодильник,Принтер
С кредитом,Музыкальный.центр,Наушники,Провод.HDMI,ПК,Холодильник
С кредитом,Музыкальный.центр,Провод.HDMI,DVD.плеер,ЖК.телевизор,ПК
Без кредита,Музыкальный.центр,Наушники,Провод.HDMI,Домашний.кинотеатр,DVD.плеер,ЖК.телевизор,ПК
С кредитом,Музыкальный.центр,Домашний.кинотеатр,DVD.плеер,ПК,Принтер
С кредитом,Музыкальный.центр,Ноутбук,DVD.плеер,ЖК.телевизор,ПК,Холодильник
С кредитом,Музыкальный.центр,Провод.HDMI,Ноутбук,DVD.плеер,ЖК.телевизор,Холодильник
Без кредита,Музыкальный.центр,Наушники,Ноутбук,DVD.плеер,ЖК.телевизор,ПК,Принтер
Без кредита,Музыкальный.центр,Провод.HDMI,Ноутбук,DVD.плеер,Принтер
Без кредита,Музыкальный.центр,Домашний.кинотеатр,Ноутбук,DVD.плеер,ЖК.телевизор,Принтер
Без кредита,Музыкальный.центр,Провод.HDMI,Ноутбук,DVD.плеер,ЖК.телевизор,ПК,Холодильник,Принтер
Без кредита,Музыкальный.центр,Провод.HDMI,Домашний.кинотеатр,Ноутбук,DVD.плеер,ЖК.телевизор,ПК,Холодильник,Принтер
С кредитом,Музыкальный.центр,Наушники,Домашний.кинотеатр,Ноутбук,ЖК.телевизор,Холодильник
С кредитом,Музыкальный.центр,Наушники,Домашний.кинотеатр,DVD.плеер,ЖК.телевизор,Холодильник,Принтер
Без кредита,Музыкальный.центр,Наушники,Провод.HDMI,Ноутбук,ЖК.телевизор,ПК,Холодильник,Принтер
С кредитом,Музыкальный.центр,Наушники,Домашний.кинотеатр
С кредитом,Музыкальный.центр,Наушники,Домашний.кинотеатр
С кредитом,Музыкальный.центр,Наушники,Домашний.кинотеатр
С кредитом,Музыкальный.центр,Наушники,Домашний.кинотеатр
С кредитом,Музыкальный.центр,Наушники,Домашний.кинотеатр
С кредитом,Музыкальный.центр,Наушники,Домашний.кинотеатр
С кредитом,Музыкальный.центр,Наушники,Домашний.кинотеатр
С кредитом,Музыкальный.центр,Наушники,Домашний.кинотеатр
С кредитом,Музыкальный.центр,Наушники,Домашний.кинотеатр
С кредитом,Музыкальный.центр,Наушники,Домашний.кинотеатр
С кредитом,Музыкальный.центр,Наушники,Домашний.кинотеатр
С кредитом,Музыкальный.центр,Наушники,Домашний.кинотеатр
С кредитом,Музыкальный.центр,DVD.плеер,ЖК.телевизор,Холодильник
С кредитом,Музыкальный.центр,DVD.плеер,ЖК.телевизор,Холодильник
С кредитом,Музыкальный.центр,DVD.плеер,ЖК.телевизор,Холодильник
С кредитом,Музыкальный.центр,DVD.плеер,ЖК.телевизор,Холодильник
С кредитом,Музыкальный.центр,DVD.плеер,ЖК.телевизор,Холодильник
С кредитом,Музыкальный.центр,DVD.плеер,ЖК.телевизор,Холодильник
С кредитом,Музыкальный.центр,DVD.плеер,ЖК.телевизор,Холодильник
Без кредита,Музыкальный.центр,Наушники
Без кредита,Музыкальный.центр,Наушники
Без кредита,Музыкальный.центр,Наушники
Без кредита,Музыкальный.центр,Наушники
Без кредита,Музыкальный.центр,Наушники
Без кредита,Музыкальный.центр,Наушники
Без кредита,Музыкальный.центр,Наушники
Без кредита,Музыкальный.центр,Наушники
Без кредита,Музыкальный.центр,Наушники
Без кредита,Музыкальный.центр,Наушники
Без кредита,Музыкальный.центр,Наушники
Без кредита,Музыкальный.центр,Наушники
Без кредита,Музыкальный.центр,Наушники
Без кредита,Музыкальный.центр,Наушники
Без кредита,Музыкальный.центр,Наушники
Без кредита,Музыкальный.центр,Наушники
С кредитом,Музыкальный.центр,Провод.HDMI,Домашний.кинотеатр,Ноутбук,ПК,Холодильник,Принтер
С кредитом,Музыкальный.центр,Наушники,Провод.HDMI,ПК,Холодильник
С кредитом,Музыкальный.центр,Провод.HDMI,DVD.плеер,ЖК.телевизор,ПК
Без кредита,Музыкальный.центр,Наушники,Провод.HDMI,Домашний.кинотеатр,DVD.плеер,ЖК.телевизор,ПК
С кредитом,Музыкальный.центр,Домашний.кинотеатр,DVD.плеер,ПК,Принтер
С кредитом,Музыкальный.центр,Ноутбук,DVD.плеер,ЖК.телевизор,ПК,Холодильник
С кредитом,Музыкальный.центр,Провод.HDMI,Ноутбук,DVD.плеер,ЖК.телевизор,Холодильник
Без кредита,Музыкальный.центр,Наушники,Ноутбук,DVD.плеер,ЖК.телевизор,ПК,Принтер
Без кредита,Музыкальный.центр,Провод.HDMI,Ноутбук,DVD.плеер,Принтер
Без кредита,Музыкальный.центр,Домашний.кинотеатр,Ноутбук,DVD.плеер,ЖК.телевизор,Принтер
Без кредита,Музыкальный.центр,Провод.HDMI,Ноутбук,DVD.плеер,ЖК.телевизор,ПК,Холодильник,Принтер
Без кредита,Музыкальный.центр,Провод.HDMI,Домашний.кинотеатр,Ноутбук,DVD.плеер,ЖК.телевизор,ПК,Холодильник,Принтер
С кредитом,Музыкальный.центр,Наушники,Домашний.кинотеатр,Ноутбук,ЖК.телевизор,Холодильник
С кредитом,Музыкальный.центр,Наушники,Домашний.кинотеатр,DVD.плеер,ЖК.телевизор,Холодильник,Принтер
Без кредита,Музыкальный.центр,Наушники,Провод.HDMI,Ноутбук,ЖК.телевизор,ПК,Холодильник,Принтер
С кредитом,Музыкальный.центр,Наушники,Домашний.кинотеатр
С кредитом,Музыкальный.центр,Наушники,Домашний.кинотеатр
С кредитом,Музыкальный.центр,Наушники,Домашний.кинотеатр
С кредитом,Музыкальный.центр,Наушники,Домашний.кинотеатр
С кредитом,Музыкальный.центр,Наушники,Домашний.кинотеатр
С кредитом,Музыкальный.центр,Наушники,Домашний.кинотеатр
С кредитом,Музыкальный.центр,Наушники,Домашний.кинотеатр
С кредитом,Музыкальный.центр,Наушники,Домашний.кинотеатр
С кредитом,Музыкальный.центр,Наушники,Домашний.кинотеатр
С кредитом,Музыкальный.центр,Наушники,Домашний.кинотеатр
С кредитом,Музыкальный.центр,Наушники,Домашний.кинотеатр
С кредитом,Музыкальный.центр,Наушники,Домашний.кинотеатр
С кредитом,Музыкальный.центр,DVD.плеер,ЖК.телевизор,Холодильник
С кредитом,Музыкальный.центр,DVD.плеер,ЖК.телевизор,Холодильник
С кредитом,Музыкальный.центр,DVD.плеер,ЖК.телевизор,Холодильник
С кредитом,Музыкальный.центр,DVD.плеер,ЖК.телевизор,Холодильник
С кредитом,Музыкальный.центр,DVD.плеер,ЖК.телевизор,Холодильник
С кредитом,Музыкальный.центр,DVD.плеер,ЖК.телевизор,Холодильник
С кредитом,Музыкальный.центр,DVD.плеер,ЖК.телевизор,Холодильник
Без кредита,Музыкальный.центр,Наушники
Без кредита,Музыкальный.центр,Наушники
Без кредита,Музыкальный.центр,Наушники
Без кредита,Музыкальный.центр,Наушники
Без кредита,Музыкальный.центр,Наушники
Без кредита,Музыкальный.центр,Наушники
Без кредита,Музыкальный.центр,Наушники
Без кредита,Музыкальный.центр,Наушники
Без кредита,Музыкальный.центр,Наушники
Без кредита,Музыкальный.центр,Наушники
Без кредита,Музыкальный.центр,Наушники
Без кредита,Музыкальный.центр,Наушники
Без кредита,Музыкальный.центр,Наушники
Без кредита,Музыкальный.центр,Наушники
Без кредита,Музыкальный.центр,Наушники
Без кредита,Музыкальный.центр,Наушники
С кредитом,Музыкальный.центр,Провод.HDMI,Домашний.кинотеатр,Ноутбук,ПК,Холодильник,Принтер
С кредитом,Музыкальный.центр,Наушники,Провод.HDMI,ПК,Холодильник
С кредитом,Музыкальный.центр,Провод.HDMI,DVD.плеер,ЖК.телевизор,ПК
Без кредита,Музыкальный.центр,Наушники,Провод.HDMI,Домашний.кинотеатр,DVD.плеер,ЖК.телевизор,ПК
С кредитом,Музыкальный.центр,Домашний.кинотеатр,DVD.плеер,ПК,Принтер
С кредитом,Музыкальный.центр,Ноутбук,DVD.плеер,ЖК.телевизор,ПК,Холодильник
С кредитом,Музыкальный.центр,Провод.HDMI,Ноутбук,DVD.плеер,ЖК.телевизор,Холодильник
Без кредита,Музыкальный.центр,Наушники,Ноутбук,DVD.плеер,ЖК.телевизор,ПК,Принтер
Без кредита,Музыкальный.центр,Провод.HDMI,Ноутбук,DVD.плеер,Принтер
Без кредита,Музыкальный.центр,Домашний.кинотеатр,Ноутбук,DVD.плеер,ЖК.телевизор,Принтер
Без кредита,Музыкальный.центр,Провод.HDMI,Ноутбук,DVD.плеер,ЖК.телевизор,ПК,Холодильник,Принтер
Без кредита,Музыкальный.центр,Провод.HDMI,Домашний.кинотеатр,Ноутбук,DVD.плеер,ЖК.телевизор,ПК,Холодильник,Принтер
С кредитом,Музыкальный.центр,Наушники,Домашний.кинотеатр,Ноутбук,ЖК.телевизор,Холодильник
С кредитом,Музыкальный.центр,Наушники,Домашний.кинотеатр,DVD.плеер,ЖК.телевизор,Холодильник,Принтер
Без кредита,Музыкальный.центр,Наушники,Провод.HDMI,Ноутбук,ЖК.телевизор,ПК,Холодильник,Принтер
С кредитом,Музыкальный.центр,Наушники,Домашний.кинотеатр
С кредитом,Музыкальный.центр,Наушники,Домашний.кинотеатр
С кредитом,Музыкальный.центр,Наушники,Домашний.кинотеатр
С кредитом,Музыкальный.центр,Наушники,Домашний.кинотеатр
С кредитом,Музыкальный.центр,Наушники,Домашний.кинотеатр
С кредитом,Музыкальный.центр,Наушники,Домашний.кинотеатр
С кредитом,Музыкальный.центр,Наушники,Домашний.кинотеатр
С кредитом,Музыкальный.центр,Наушники,Домашний.кинотеатр
С кредитом,Музыкальный.центр,Наушники,Домашний.кинотеатр
С кредитом,Музыкальный.центр,Наушники,Домашний.кинотеатр
С кредитом,Музыкальный.центр,Наушники,Домашний.кинотеатр
С кредитом,Музыкальный.центр,Наушники,Домашний.кинотеатр
С кредитом,Музыкальный.центр,DVD.плеер,ЖК.телевизор,Холодильник
С кредитом,Музыкальный.центр,DVD.плеер,ЖК.телевизор,Холодильник
С кредитом,Музыкальный.центр,DVD.плеер,ЖК.телевизор,Холодильник
С кредитом,Музыкальный.центр,DVD.плеер,ЖК.телевизор,Холодильник
С кредитом,Музыкальный.центр,DVD.плеер,ЖК.телевизор,Холодильник
С кредитом,Музыкальный.центр,DVD.плеер,ЖК.телевизор,Холодильник
С кредитом,Музыкальный.центр,DVD.плеер,ЖК.телевизор,Холодильник
Без кредита,Музыкальный.центр,Наушники
Без кредита,Музыкальный.центр,Наушники
Без кредита,Музыкальный.центр,Наушники
Без кредита,Музыкальный.центр,Наушники
Без кредита,Музыкальный.центр,Наушники
Без кредита,Музыкальный.центр,Наушники
Без кредита,Музыкальный.центр,Наушники
Без кредита,Музыкальный.центр,Наушники
Без кредита,Музыкальный.центр,Наушники
Без кредита,Музыкальный.центр,Наушники
Без кредита,Музыкальный.центр,Наушники
Без кредита,Музыкальный.центр,Наушники
Без кредита,Музыкальный.центр,Наушники
Без кредита,Музыкальный.центр,Наушники
Без кредита,Музыкальный.центр,Наушники
Без кредита,Музыкальный.центр,Наушники
С кредитом,Музыкальный.центр,Провод.HDMI,Домашний.кинотеатр,Ноутбук,ПК,Холодильник,Принтер
С кредитом,Музыкальный.центр,Наушники,Провод.HDMI,ПК,Холодильник
С кредитом,Музыкальный.центр,Провод.HDMI,DVD.плеер,ЖК.телевизор,ПК
Без кредита,Музыкальный.центр,Наушники,Провод.HDMI,Домашний.кинотеатр,DVD.плеер,ЖК.телевизор,ПК
С кредитом,Музыкальный.центр,Домашний.кинотеатр,DVD.плеер,ПК,Принтер
С кредитом,Музыкальный.центр,Ноутбук,DVD.плеер,ЖК.телевизор,ПК,Холодильник
С кредитом,Музыкальный.центр,Провод.HDMI,Ноутбук,DVD.плеер,ЖК.телевизор,Холодильник
Без кредита,Музыкальный.центр,Наушники,Ноутбук,DVD.плеер,ЖК.телевизор,ПК,Принтер
Без кредита,Музыкальный.центр,Провод.HDMI,Ноутбук,DVD.плеер,Принтер
Без кредита,Музыкальный.центр,Домашний.кинотеатр,Ноутбук,DVD.плеер,ЖК.телевизор,Принтер
Без кредита,Музыкальный.центр,Провод.HDMI,Ноутбук,DVD.плеер,ЖК.телевизор,ПК,Холодильник,Принтер
Без кредита,Музыкальный.центр,Провод.HDMI,Домашний.кинотеатр,Ноутбук,DVD.плеер,ЖК.телевизор,ПК,Холодильник,Принтер
С кредитом,Музыкальный.центр,Наушники,Домашний.кинотеатр,Ноутбук,ЖК.телевизор,Холодильник
С кредитом,Музыкальный.центр,Наушники,Домашний.кинотеатр,DVD.плеер,ЖК.телевизор,Холодильник,Принтер
Без кредита,Музыкальный.центр,Наушники,Провод.HDMI,Ноутбук,ЖК.телевизор,ПК,Холодильник,Принтер
С кредитом,Музыкальный.центр,Наушники,Домашний.кинотеатр
С кредитом,Музыкальный.центр,Наушники,Домашний.кинотеатр
С кредитом,Музыкальный.центр,Наушники,Домашний.кинотеатр
С кредитом,Музыкальный.центр,Наушники,Домашний.кинотеатр
С кредитом,Музыкальный.центр,Наушники,Домашний.кинотеатр
С кредитом,Музыкальный.центр,Наушники,Домашний.кинотеатр
С кредитом,Музыкальный.центр,Наушники,Домашний.кинотеатр
С кредитом,Музыкальный.центр,Наушники,Домашний.кинотеатр
С кредитом,Музыкальный.центр,Наушники,Домашний.кинотеатр
С кредитом,Музыкальный.центр,Наушники,Домашний.кинотеатр
С кредитом,Музыкальный.центр,Наушники,Домашний.кинотеатр
С кредитом,Музыкальный.центр,Наушники,Домашний.кинотеатр
С кредитом,Музыкальный.центр,DVD.плеер,ЖК.телевизор,Холодильник
С кредитом,Музыкальный.центр,DVD.плеер,ЖК.телевизор,Холодильник
С кредитом,Музыкальный.центр,DVD.плеер,ЖК.телевизор,Холодильник
С кредитом,Музыкальный.центр,DVD.плеер,ЖК.телевизор,Холодильник
С кредитом,Музыкальный.центр,DVD.плеер,ЖК.телевизор,Холодильник
С кредитом,Музыкальный.центр,DVD.плеер,ЖК.телевизор,Холодильник
С кредитом,Музыкальный.центр,DVD.плеер,ЖК.телевизор,Холодильник
Без кредита,Музыкальный.центр,Наушники
Без кредита,Музыкальный.центр,Наушники
Без кредита,Музыкальный.центр,Наушники
Без кредита,Музыкальный.центр,Наушники
Без кредита,Музыкальный.центр,Наушники
Без кредита,Музыкальный.центр,Наушники
Без кредита,Музыкальный.центр,Наушники
Без кредита,Музыкальный.центр,Наушники
Без кредита,Музыкальный.центр,Наушники
Без кредита,Музыкальный.центр,Наушники
Без кредита,Музыкальный.центр,Наушники
Без кредита,Музыкальный.центр,Наушники
Без кредита,Музыкальный.центр,Наушники
Без кредита,Музыкальный.центр,Наушники
Без кредита,Музыкальный.центр,Наушники
Без кредита,Музыкальный.центр,Наушники
С кредитом,Музыкальный.центр,Провод.HDMI,Домашний.кинотеатр,Ноутбук,ПК,Холодильник,Принтер
С кредитом,Музыкальный.центр,Наушники,Провод.HDMI,ПК,Холодильник
С кредитом,Музыкальный.центр,Провод.HDMI,DVD.плеер,ЖК.телевизор,ПК
Без кредита,Музыкальный.центр,Наушники,Провод.HDMI,Домашний.кинотеатр,DVD.плеер,ЖК.телевизор,ПК
С кредитом,Музыкальный.центр,Домашний.кинотеатр,DVD.плеер,ПК,Принтер
С кредитом,Музыкальный.центр,Ноутбук,DVD.плеер,ЖК.телевизор,ПК,Холодильник
С кредитом,Музыкальный.центр,Провод.HDMI,Ноутбук,DVD.плеер,ЖК.телевизор,Холодильник
Без кредита,Музыкальный.центр,Наушники,Ноутбук,DVD.плеер,ЖК.телевизор,ПК,Принтер
Без кредита,Музыкальный.центр,Провод.HDMI,Ноутбук,DVD.плеер,Принтер
Без кредита,Музыкальный.центр,Домашний.кинотеатр,Ноутбук,DVD.плеер,ЖК.телевизор,Принтер
Без кредита,Музыкальный.центр,Провод.HDMI,Ноутбук,DVD.плеер,ЖК.телевизор,ПК,Холодильник,Принтер
Без кредита,Музыкальный.центр,Провод.HDMI,Домашний.кинотеатр,Ноутбук,DVD.плеер,ЖК.телевизор,ПК,Холодильник,Принтер
С кредитом,Музыкальный.центр,Наушники,Домашний.кинотеатр,Ноутбук,ЖК.телевизор,Холодильник
С кредитом,Музыкальный.центр,Наушники,Домашний.кинотеатр,DVD.плеер,ЖК.телевизор,Холодильник,Принтер
Без кредита,Музыкальный.центр,Наушники,Провод.HDMI,Ноутбук,ЖК.телевизор,ПК,Холодильник,Принтер
С кредитом,Музыкальный.центр,Наушники,Домашний.кинотеатр
С кредитом,Музыкальный.центр,Наушники,Домашний.кинотеатр
С кредитом,Музыкальный.центр,Наушники,Домашний.кинотеатр
С кредитом,Музыкальный.центр,Наушники,Домашний.кинотеатр
С кредитом,Музыкальный.центр,Наушники,Домашний.кинотеатр
С кредитом,Музыкальный.центр,Наушники,Домашний.кинотеатр
С кредитом,Музыкальный.центр,Наушники,Домашний.кинотеатр
С кредитом,Музыкальный.центр,Наушники,Домашний.кинотеатр
С кредитом,Музыкальный.центр,Наушники,Домашний.кинотеатр
С кредитом,Музыкальный.центр,Наушники,Домашний.кинотеатр
С кредитом,Музыкальный.центр,Наушники,Домашний.кинотеатр
С кредитом,Музыкальный.центр,Наушники,Домашний.кинотеатр
С кредитом,Музыкальный.центр,DVD.плеер,ЖК.телевизор,Холодильник
С кредитом,Музыкальный.центр,DVD.плеер,ЖК.телевизор,Холодильник
С кредитом,Музыкальный.центр,DVD.плеер,ЖК.телевизор,Холодильник
С кредитом,Музыкальный.центр,DVD.плеер,ЖК.телевизор,Холодильник
С кредитом,Музыкальный.центр,DVD.плеер,ЖК.телевизор,Холодильник
С кредитом,Музыкальный.центр,DVD.плеер,ЖК.телевизор,Холодильник
С кредитом,Музыкальный.центр,DVD.плеер,ЖК.телевизор,Холодильник
Без кредита,Музыкальный.центр,Наушники
Без кредита,Музыкальный.центр,Наушники
Без кредита,Музыкальный.центр,Наушники
Без кредита,Музыкальный.центр,Наушники
Без кредита,Музыкальный.центр,Наушники
Без кредита,Музыкальный.центр,Наушники
Без кредита,Музыкальный.центр,Наушники
Без кредита,Музыкальный.центр,Наушники
Без кредита,Музыкальный.центр,Наушники
Без кредита,Музыкальный.центр,Наушники
Без кредита,Музыкальный.центр,Наушники
Без кредита,Музыкальный.центр,Наушники
Без кредита,Музыкальный.центр,Наушники
Без кредита,Музыкальный.центр,Наушники
Без кредита,Музыкальный.центр,Наушники
Без кредита,Музыкальный.центр,Наушники
С кредитом,Музыкальный.центр,Провод.HDMI,Домашний.кинотеатр,Ноутбук,ПК,Холодильник,Принтер
С кредитом,Музыкальный.центр,Наушники,Провод.HDMI,ПК,Холодильник
С кредитом,Музыкальный.центр,Провод.HDMI,DVD.плеер,ЖК.телевизор,ПК
Без кредита,Музыкальный.центр,Наушники,Провод.HDMI,Домашний.кинотеатр,DVD.плеер,ЖК.телевизор,ПК
С кредитом,Музыкальный.центр,Домашний.кинотеатр,DVD.плеер,ПК,Принтер
С кредитом,Музыкальный.центр,Ноутбук,DVD.плеер,ЖК.телевизор,ПК,Холодильник
С кредитом,Музыкальный.центр,Провод.HDMI,Ноутбук,DVD.плеер,ЖК.телевизор,Холодильник
Без кредита,Музыкальный.центр,Наушники,Ноутбук,DVD.плеер,ЖК.телевизор,ПК,Принтер
Без кредита,Музыкальный.центр,Провод.HDMI,Ноутбук,DVD.плеер,Принтер
Без кредита,Музыкальный.центр,Домашний.кинотеатр,Ноутбук,DVD.плеер,ЖК.телевизор,Принтер
Без кредита,Музыкальный.центр,Провод.HDMI,Ноутбук,DVD.плеер,ЖК.телевизор,ПК,Холодильник,Принтер
Без кредита,Музыкальный.центр,Провод.HDMI,Домашний.кинотеатр,Ноутбук,DVD.плеер,ЖК.телевизор,ПК,Холодильник,Принтер
С кредитом,Музыкальный.центр,Наушники,Домашний.кинотеатр,Ноутбук,ЖК.телевизор,Холодильник
С кредитом,Музыкальный.центр,Наушники,Домашний.кинотеатр,DVD.плеер,ЖК.телевизор,Холодильник,Принтер
Без кредита,Музыкальный.центр,Наушники,Провод.HDMI,Ноутбук,ЖК.телевизор,ПК,Холодильник,Принтер
С кредитом,Музыкальный.центр,Наушники,Домашний.кинотеатр
С кредитом,Музыкальный.центр,Наушники,Домашний.кинотеатр
С кредитом,Музыкальный.центр,Наушники,Домашний.кинотеатр
С кредитом,Музыкальный.центр,Наушники,Домашний.кинотеатр
С кредитом,Музыкальный.центр,Наушники,Домашний.кинотеатр
С кредитом,Музыкальный.центр,Наушники,Домашний.кинотеатр
С кредитом,Музыкальный.центр,Наушники,Домашний.кинотеатр
С кредитом,Музыкальный.центр,Наушники,Домашний.кинотеатр
С кредитом,Музыкальный.центр,Наушники,Домашний.кинотеатр
С кредитом,Музыкальный.центр,Наушники,Домашний.кинотеатр
С кредитом,Музыкальный.центр,Наушники,Домашний.кинотеатр
С кредитом,Музыкальный.центр,Наушники,Домашний.кинотеатр
С кредитом,Музыкальный.центр,DVD.плеер,ЖК.телевизор,Холодильник
С кредитом,Музыкальный.центр,DVD.плеер,ЖК.телевизор,Холодильник
С кредитом,Музыкальный.центр,DVD.плеер,ЖК.телевизор,Холодильник
С кредитом,Музыкальный.центр,DVD.плеер,ЖК.телевизор,Холодильник
С кредитом,Музыкальный.центр,DVD.плеер,ЖК.телевизор,Холодильник
С кредитом,Музыкальный.центр,DVD.плеер,ЖК.телевизор,Холодильник
С кредитом,Музыкальный.центр,DVD.плеер,ЖК.телевизор,Холодильник
Без кредита,Музыкальный.центр,Наушники
Без кредита,Музыкальный.центр,Наушники
Без кредита,Музыкальный.центр,Наушники
Без кредита,Музыкальный.центр,Наушники
Без кредита,Музыкальный.центр,Наушники
Без кредита,Музыкальный.центр,Наушники
Без кредита,Музыкальный.центр,Наушники
Без кредита,Музыкальный.центр,Наушники
Без кредита,Музыкальный.центр,Наушники
Без кредита,Музыкальный.центр,Наушники
Без кредита,Музыкальный.центр,Наушники
Без кредита,Музыкальный.центр,Наушники
Без кредита,Музыкальный.центр,Наушники
Без кредита,Музыкальный.центр,Наушники
Без кредита,Музыкальный.центр,Наушники
Без кредита,Музыкальный.центр,Наушники
